{
  "timestamp": "2025-09-30T16:32:27.709624",
  "total_videos": 7,
  "datasets": {
    "MOT17": {
      "num_videos": 7,
      "total_objects_tracked": 296,
      "mean_mAP": 0.4422533809358652,
      "std_mAP": 0.16496956210322444,
      "mean_AP50": 0.697880245269765,
      "mean_AP75": 0.4242874446208035,
      "best_video": {
        "name": "MOT17-02-SDP",
        "mAP": 0.6576476103261818
      },
      "worst_video": {
        "name": "MOT17-13-SDP",
        "mAP": 0.20184105388187015
      }
    }
  }
}